Timestamp,UUID,Method,URL,Origin,IP Address,Location,User ID,User Email,Is Proxy,Request Body,Response Status Code,Response Body,Duration (ms)
20240113,04:49:55,,,,,,,,,,,,
20240113,04:49:56,,,,,,,,,,,,
20240113,04:49:56,,,,,,,,,,,,
20240113,04:49:56,,,,,,,,,,,,
20240113,04:49:56,,,,,,,,,,,,
20240113,04:49:56,,,,,,,,,,,,
20240113,04:49:56,,,,,,,,,,,,
20240113,04:49:56,,,,,,,,,,,,
20240113,04:49:56,,,,,,,,,,,,
20240113,04:49:59,,,,,,,,,,,,
20240113,04:50:03,,,,,,,,,,,,
20240113,04:50:03,,,,,,,,,,,,
20240113,04:50:04,,,,,,,,,,,,
20240113,04:50:04,,,,,,,,,,,,
20240113,04:50:04,,,,,,,,,,,,
20240113,04:50:04,,,,,,,,,,,,
20240113,04:50:04,,,,,,,,,,,,
20240113,04:50:04,,,,,,,,,,,,
20240113,04:50:04,,,,,,,,,,,,
20240113,04:50:04,,,,,,,,,,,,
20240113,04:50:04,,,,,,,,,,,,
20240113,04:50:05,,,,,,,,,,,,
20240113,04:50:05,,,,,,,,,,,,
20240113,04:50:07,,,,,,,,,,,,
20240113,04:50:23,,,,,,,,,,,,
20240113,04:50:23,,,,,,,,,,,,
20240113,04:50:25,,,,,,,,,,,,
20240113,04:50:25,,,,,,,,,,,,
20240113,04:50:25,,,,,,,,,,,,
20240113,04:50:25,,,,,,,,,,,,
20240113,04:50:25,,,,,,,,,,,,
20240113,04:50:25,,,,,,,,,,,,
20240113,04:50:25,,,,,,,,,,,,
20240113,04:50:25,,,,,,,,,,,,
20240113,04:50:26,,,,,,,,,,,,
20240113,04:50:28,,,,,,,,,,,,
20240113,04:50:28,,,,,,,,,,,,
20240113,04:50:29,,,,,,,,,,,,
20240113,04:50:48,,,,,,,,,,,,
20240113,04:50:48,,,,,,,,,,,,
20240113,04:50:50,,,,,,,,,,,,
20240113,04:50:50,,,,,,,,,,,,
20240113,04:50:50,,,,,,,,,,,,
20240113,04:50:50,,,,,,,,,,,,
20240113,04:50:50,,,,,,,,,,,,
20240113,04:50:50,,,,,,,,,,,,
20240113,04:50:50,,,,,,,,,,,,
20240113,04:50:50,,,,,,,,,,,,
20240113,04:50:50,,,,,,,,,,,,
20240113,04:50:51,,,,,,,,,,,,
20240113,04:50:52,,,,,,,,,,,,
20240113,04:50:53,,,,,,,,,,,,
20240113,04:51:25,,,,,,,,,,,,
20240113,04:51:25,,,,,,,,,,,,
20240113,04:51:25,,,,,,,,,,,,
20240113,04:51:25,,,,,,,,,,,,
20240113,04:51:25,,,,,,,,,,,,
20240113,04:51:25,,,,,,,,,,,,
20240113,04:51:25,,,,,,,,,,,,
20240113,04:51:27,,,,,,,,,,,,
20240113,04:51:27,,,,,,,,,,,,
20240113,04:51:28,,,,,,,,,,,,
20240113,04:51:28,,,,,,,,,,,,
20240113,04:51:29,,,,,,,,,,,,
20240113,04:51:31,,,,,,,,,,,,
20240113,04:51:39,,,,,,,,,,,,
20240113,04:51:40,,,,,,,,,,,,
20240113,04:51:42,,,,,,,,,,,,
20240113,04:51:42,,,,,,,,,,,,
20240113,04:51:42,,,,,,,,,,,,
20240113,04:51:42,,,,,,,,,,,,
20240113,04:51:42,,,,,,,,,,,,
20240113,04:51:42,,,,,,,,,,,,
20240113,04:51:42,,,,,,,,,,,,
20240113,04:51:42,,,,,,,,,,,,
20240113,04:51:42,,,,,,,,,,,,
20240113,04:51:42,,,,,,,,,,,,
20240113,04:51:44,,,,,,,,,,,,
20240113,04:51:44,,,,,,,,,,,,
20240113,04:52:27,,,,,,,,,,,,
20240113,04:52:28,,,,,,,,,,,,
20240113,04:52:28,,,,,,,,,,,,
20240113,04:52:28,,,,,,,,,,,,
20240113,04:52:28,,,,,,,,,,,,
20240113,04:52:28,,,,,,,,,,,,
20240113,04:52:28,,,,,,,,,,,,
20240113,04:52:28,,,,,,,,,,,,
20240113,04:52:28,,,,,,,,,,,,
20240113,04:52:29,,,,,,,,,,,,
20240113,04:52:30,,,,,,,,,,,,
20240113,04:52:30,,,,,,,,,,,,
20240113,04:52:30,,,,,,,,,,,,
20240113,04:52:30,,,,,,,,,,,,
20240113,04:52:41,,,,,,,,,,,,
20240113,04:52:41,,,,,,,,,,,,
20240113,04:52:41,,,,,,,,,,,,
20240113,04:52:41,,,,,,,,,,,,
20240113,04:52:41,,,,,,,,,,,,
20240113,04:52:41,,,,,,,,,,,,
20240113,04:52:41,,,,,,,,,,,,
20240113,04:52:41,,,,,,,,,,,,
20240113,04:52:41,,,,,,,,,,,,
20240113,04:52:41,,,,,,,,,,,,
20240113,04:52:42,,,,,,,,,,,,
20240113,04:52:42,,,,,,,,,,,,
20240113,04:52:47,,,,,,,,,,,,
20240113,04:52:47,,,,,,,,,,,,
20240113,04:52:47,,,,,,,,,,,,
20240113,04:52:47,,,,,,,,,,,,
20240113,04:52:47,,,,,,,,,,,,
20240113,04:52:47,,,,,,,,,,,,
20240113,04:52:47,,,,,,,,,,,,
20240113,04:52:47,,,,,,,,,,,,
20240113,04:52:47,,,,,,,,,,,,
20240113,04:52:47,,,,,,,,,,,,
20240113,04:52:47,,,,,,,,,,,,
20240113,04:52:48,,,,,,,,,,,,
20240113,04:52:48,,,,,,,,,,,,
20240113,04:52:49,,,,,,,,,,,,
20240113,04:52:52,,,,,,,,,,,,
20240113,04:52:52,,,,,,,,,,,,
20240113,04:52:52,,,,,,,,,,,,
20240113,04:52:52,,,,,,,,,,,,
20240113,04:52:52,,,,,,,,,,,,
20240113,04:52:52,,,,,,,,,,,,
20240113,04:52:52,,,,,,,,,,,,
20240113,04:52:52,,,,,,,,,,,,
20240113,04:52:52,,,,,,,,,,,,
20240113,04:52:52,,,,,,,,,,,,
20240113,04:52:53,,,,,,,,,,,,
20240113,04:52:54,,,,,,,,,,,,
20240113,04:52:54,,,,,,,,,,,,
20240113,04:52:54,,,,,,,,,,,,
20240113,04:53:06,,,,,,,,,,,,
20240113,04:53:07,,,,,,,,,,,,
20240113,04:53:09,,,,,,,,,,,,
20240113,04:53:09,,,,,,,,,,,,
20240113,04:53:09,,,,,,,,,,,,
20240113,04:53:09,,,,,,,,,,,,
20240113,04:53:09,,,,,,,,,,,,
20240113,04:53:09,,,,,,,,,,,,
20240113,04:53:09,,,,,,,,,,,,
20240113,04:53:09,,,,,,,,,,,,
20240113,04:53:09,,,,,,,,,,,,
20240113,04:53:09,,,,,,,,,,,,
20240113,04:53:11,,,,,,,,,,,,
20240113,04:53:11,,,,,,,,,,,,
20240113,04:54:13,,,,,,,,,,,,
20240113,04:54:13,,,,,,,,,,,,
20240113,04:54:13,,,,,,,,,,,,
20240113,04:54:13,,,,,,,,,,,,
20240113,04:54:13,,,,,,,,,,,,
20240113,04:54:13,,,,,,,,,,,,
20240113,04:54:13,,,,,,,,,,,,
20240113,04:54:13,,,,,,,,,,,,
20240113,04:54:13,,,,,,,,,,,,
20240113,04:54:13,,,,,,,,,,,,
20240113,04:54:13,,,,,,,,,,,,
20240113,04:54:14,,,,,,,,,,,,
20240113,04:54:14,,,,,,,,,,,,
20240113,04:54:14,,,,,,,,,,,,
20240113,04:58:34,,,,,,,,,,,,
20240113,04:58:35,,,,,,,,,,,,
20240113,04:58:35,,,,,,,,,,,,
20240113,04:58:35,,,,,,,,,,,,
20240113,04:58:35,,,,,,,,,,,,
20240113,04:58:35,,,,,,,,,,,,
20240113,04:58:35,,,,,,,,,,,,
20240113,04:58:35,,,,,,,,,,,,
20240113,04:58:35,,,,,,,,,,,,
20240113,04:58:35,,,,,,,,,,,,
20240113,04:58:35,,,,,,,,,,,,
20240113,04:58:35,,,,,,,,,,,,
20240113,04:58:35,,,,,,,,,,,,
20240113,04:58:36,,,,,,,,,,,,
20240113,04:59:41,,,,,,,,,,,,
20240113,04:59:41,,,,,,,,,,,,
20240113,04:59:41,,,,,,,,,,,,
20240113,04:59:41,,,,,,,,,,,,
20240113,04:59:41,,,,,,,,,,,,
20240113,04:59:41,,,,,,,,,,,,
20240113,04:59:41,,,,,,,,,,,,
20240113,04:59:41,,,,,,,,,,,,
20240113,04:59:41,,,,,,,,,,,,
20240113,04:59:41,,,,,,,,,,,,
20240113,04:59:41,,,,,,,,,,,,
20240113,04:59:42,,,,,,,,,,,,
20240113,04:59:42,,,,,,,,,,,,
20240113,04:59:43,,,,,,,,,,,,
20240113,05:01:19,,,,,,,,,,,,
20240113,05:01:19,,,,,,,,,,,,
20240113,05:01:19,,,,,,,,,,,,
20240113,05:01:19,,,,,,,,,,,,
20240113,05:01:19,,,,,,,,,,,,
20240113,05:01:19,,,,,,,,,,,,
20240113,05:01:19,,,,,,,,,,,,
20240113,05:01:19,,,,,,,,,,,,
20240113,05:01:19,,,,,,,,,,,,
20240113,05:01:19,,,,,,,,,,,,
20240113,05:01:20,,,,,,,,,,,,
20240113,05:01:20,,,,,,,,,,,,
20240113,05:01:20,,,,,,,,,,,,
20240113,05:01:20,,,,,,,,,,,,
20240113,05:05:14,,,,,,,,,,,,
20240113,05:05:14,,,,,,,,,,,,
20240113,05:05:14,,,,,,,,,,,,
20240113,05:05:14,,,,,,,,,,,,
20240113,05:05:14,,,,,,,,,,,,
20240113,05:05:14,,,,,,,,,,,,
20240113,05:05:14,,,,,,,,,,,,
20240113,05:05:14,,,,,,,,,,,,
20240113,05:05:14,,,,,,,,,,,,
20240113,05:05:14,,,,,,,,,,,,
20240113,05:05:14,,,,,,,,,,,,
20240113,05:05:14,,,,,,,,,,,,
20240113,05:05:14,,,,,,,,,,,,
20240113,05:05:15,,,,,,,,,,,,
20240113,05:05:16,,,,,,,,,,,,
20240113,05:05:16,,,,,,,,,,,,
20240113,05:05:16,,,,,,,,,,,,
20240113,05:05:16,,,,,,,,,,,,
20240113,05:05:17,,,,,,,,,,,,
20240113,05:05:17,,,,,,,,,,,,
20240113,05:05:17,,,,,,,,,,,,
20240113,05:05:18,,,,,,,,,,,,
20240113,05:05:58,,,,,,,,,,,,
20240113,05:05:58,,,,,,,,,,,,
20240113,05:06:00,,,,,,,,,,,,
20240113,05:06:00,,,,,,,,,,,,
20240113,05:06:00,,,,,,,,,,,,
20240113,05:06:00,,,,,,,,,,,,
20240113,05:06:00,,,,,,,,,,,,
20240113,05:06:00,,,,,,,,,,,,
20240113,05:06:00,,,,,,,,,,,,
20240113,05:06:00,,,,,,,,,,,,
20240113,05:06:00,,,,,,,,,,,,
20240113,05:06:00,,,,,,,,,,,,
20240113,05:06:02,,,,,,,,,,,,
20240113,05:06:03,,,,,,,,,,,,
20240113,05:10:54,,,,,,,,,,,,
20240113,05:10:54,,,,,,,,,,,,
20240113,05:10:54,,,,,,,,,,,,
20240113,05:10:54,,,,,,,,,,,,
20240113,05:10:54,,,,,,,,,,,,
20240113,05:10:54,,,,,,,,,,,,
20240113,05:10:54,,,,,,,,,,,,
20240113,05:10:55,,,,,,,,,,,,
20240113,05:11:08,,,,,,,,,,,,
20240113,05:11:09,,,,,,,,,,,,
20240113,05:11:09,,,,,,,,,,,,
20240113,05:11:09,,,,,,,,,,,,
20240113,05:11:09,,,,,,,,,,,,
20240113,05:11:09,,,,,,,,,,,,
20240113,05:11:09,,,,,,,,,,,,
20240113,05:11:09,,,,,,,,,,,,
20240113,05:11:09,,,,,,,,,,,,
20240113,05:11:09,,,,,,,,,,,,
20240113,05:11:09,,,,,,,,,,,,
20240113,05:11:10,,,,,,,,,,,,
20240113,05:11:10,,,,,,,,,,,,
20240113,05:11:11,,,,,,,,,,,,
20240113,05:14:28,,,,,,,,,,,,
20240113,05:14:28,,,,,,,,,,,,
20240113,05:14:28,,,,,,,,,,,,
20240113,05:14:28,,,,,,,,,,,,
20240113,05:14:28,,,,,,,,,,,,
20240113,05:14:28,,,,,,,,,,,,
20240113,05:14:28,,,,,,,,,,,,
20240113,05:14:29,,,,,,,,,,,,
20240113,05:14:43,,,,,,,,,,,,
20240113,05:14:43,,,,,,,,,,,,
20240113,05:14:43,,,,,,,,,,,,
20240113,05:14:43,,,,,,,,,,,,
20240113,05:14:43,,,,,,,,,,,,
20240113,05:14:43,,,,,,,,,,,,
20240113,05:14:43,,,,,,,,,,,,
20240113,05:14:43,,,,,,,,,,,,
20240113,05:15:29,,,,,,,,,,,,
20240113,05:15:29,,,,,,,,,,,,
20240113,05:15:29,,,,,,,,,,,,
20240113,05:15:29,,,,,,,,,,,,
20240113,05:15:29,,,,,,,,,,,,
20240113,05:15:29,,,,,,,,,,,,
20240113,05:15:29,,,,,,,,,,,,
20240113,05:15:29,,,,,,,,,,,,
20240113,05:15:29,,,,,,,,,,,,
20240113,05:15:29,,,,,,,,,,,,
20240113,05:15:30,,,,,,,,,,,,
20240113,05:15:30,,,,,,,,,,,,
20240113,05:15:30,,,,,,,,,,,,
20240113,05:15:30,,,,,,,,,,,,
20240113,05:16:13,,,,,,,,,,,,
20240113,05:16:13,,,,,,,,,,,,
20240113,05:16:14,,,,,,,,,,,,
20240113,05:16:14,,,,,,,,,,,,
20240113,05:16:14,,,,,,,,,,,,
20240113,05:16:14,,,,,,,,,,,,
20240113,05:16:14,,,,,,,,,,,,
20240113,05:16:14,,,,,,,,,,,,
20240113,05:16:14,,,,,,,,,,,,
20240113,05:16:14,,,,,,,,,,,,
20240113,05:16:14,,,,,,,,,,,,
20240113,05:16:14,,,,,,,,,,,,
20240113,05:16:14,,,,,,,,,,,,
20240113,05:16:15,,,,,,,,,,,,
20240113,05:18:27,,,,,,,,,,,,
20240113,05:18:27,,,,,,,,,,,,
20240113,05:18:27,,,,,,,,,,,,
20240113,05:18:27,,,,,,,,,,,,
20240113,05:18:27,,,,,,,,,,,,
20240113,05:18:27,,,,,,,,,,,,
20240113,05:18:27,,,,,,,,,,,,
20240113,05:18:27,,,,,,,,,,,,
20240113,05:18:27,,,,,,,,,,,,
20240113,05:18:28,,,,,,,,,,,,
20240113,05:18:28,,,,,,,,,,,,
20240113,05:18:29,,,,,,,,,,,,
20240113,05:18:56,,,,,,,,,,,,
20240113,05:18:56,,,,,,,,,,,,
20240113,05:18:56,,,,,,,,,,,,
20240113,05:18:56,,,,,,,,,,,,
20240113,05:18:56,,,,,,,,,,,,
20240113,05:18:56,,,,,,,,,,,,
20240113,05:18:56,,,,,,,,,,,,
20240113,05:18:57,,,,,,,,,,,,
20240113,05:19:09,,,,,,,,,,,,
20240113,05:19:09,,,,,,,,,,,,
20240113,05:19:09,,,,,,,,,,,,
20240113,05:19:09,,,,,,,,,,,,
20240113,05:19:40,,,,,,,,,,,,
20240113,05:19:40,,,,,,,,,,,,
20240113,05:19:42,,,,,,,,,,,,
20240113,05:19:42,,,,,,,,,,,,
20240113,05:19:42,,,,,,,,,,,,
20240113,05:19:42,,,,,,,,,,,,
20240113,05:19:42,,,,,,,,,,,,
20240113,05:19:42,,,,,,,,,,,,
20240113,05:19:42,,,,,,,,,,,,
20240113,05:19:43,,,,,,,,,,,,
20240113,05:21:25,,,,,,,,,,,,
20240113,05:21:25,,,,,,,,,,,,
20240113,05:21:25,,,,,,,,,,,,
20240113,05:21:25,,,,,,,,,,,,
20240113,05:21:25,,,,,,,,,,,,
20240113,05:21:25,,,,,,,,,,,,
20240113,05:21:25,,,,,,,,,,,,
20240113,05:21:25,,,,,,,,,,,,
20240113,05:21:26,,,,,,,,,,,,
20240113,05:21:27,,,,,,,,,,,,
20240113,05:22:08,,,,,,,,,,,,
20240113,05:22:09,,,,,,,,,,,,
20240113,05:22:09,,,,,,,,,,,,
20240113,05:22:09,,,,,,,,,,,,
20240113,05:22:09,,,,,,,,,,,,
20240113,05:22:09,,,,,,,,,,,,
20240113,05:22:09,,,,,,,,,,,,
20240113,05:22:09,,,,,,,,,,,,
20240113,05:22:09,,,,,,,,,,,,
20240113,05:22:11,,,,,,,,,,,,
20240113,05:28:12,,,,,,,,,,,,
20240113,05:28:12,,,,,,,,,,,,
20240113,05:28:12,,,,,,,,,,,,
20240113,05:28:12,,,,,,,,,,,,
20240113,05:28:12,,,,,,,,,,,,
20240113,05:28:12,,,,,,,,,,,,
20240113,05:28:12,,,,,,,,,,,,
20240113,05:28:13,,,,,,,,,,,,
20240113,05:28:38,,,,,,,,,,,,
20240113,05:28:38,,,,,,,,,,,,
20240113,05:28:38,,,,,,,,,,,,
20240113,05:28:38,,,,,,,,,,,,
20240113,05:28:50,,,,,,,,,,,,
20240113,05:28:50,,,,,,,,,,,,
20240113,05:28:50,,,,,,,,,,,,
20240113,05:28:51,,,,,,,,,,,,
20240113,05:28:51,,,,,,,,,,,,
20240113,05:28:51,,,,,,,,,,,,
20240113,05:28:51,,,,,,,,,,,,
20240113,05:28:51,,,,,,,,,,,,
20240113,05:28:51,,,,,,,,,,,,
20240113,05:28:51,,,,,,,,,,,,
20240113,05:28:51,,,,,,,,,,,,
20240113,05:28:52,,,,,,,,,,,,
20240113,05:28:53,,,,,,,,,,,,
20240113,05:28:53,,,,,,,,,,,,
20240113,05:28:53,,,,,,,,,,,,
20240113,05:28:53,,,,,,,,,,,,
20240113,05:29:09,,,,,,,,,,,,
20240113,05:29:09,,,,,,,,,,,,
20240113,05:29:09,,,,,,,,,,,,
20240113,05:29:10,,,,,,,,,,,,
20240113,05:29:10,,,,,,,,,,,,
20240113,05:29:10,,,,,,,,,,,,
20240113,05:29:10,,,,,,,,,,,,
20240113,05:29:10,,,,,,,,,,,,
20240113,05:29:10,,,,,,,,,,,,
20240113,05:29:10,,,,,,,,,,,,
20240113,05:29:10,,,,,,,,,,,,
20240113,05:29:11,,,,,,,,,,,,
20240113,05:29:12,,,,,,,,,,,,
20240113,05:29:12,,,,,,,,,,,,
20240113,05:29:12,,,,,,,,,,,,
20240113,05:29:12,,,,,,,,,,,,
20240113,05:29:12,,,,,,,,,,,,
20240113,05:29:12,,,,,,,,,,,,
20240113,05:29:13,,,,,,,,,,,,
20240113,05:29:13,,,,,,,,,,,,
20240113,05:29:13,,,,,,,,,,,,
20240113,05:29:13,,,,,,,,,,,,
20240113,05:29:25,,,,,,,,,,,,
20240113,05:29:25,,,,,,,,,,,,
20240113,05:29:25,,,,,,,,,,,,
20240113,05:29:26,,,,,,,,,,,,
20240113,05:29:26,,,,,,,,,,,,
20240113,05:29:26,,,,,,,,,,,,
20240113,05:29:26,,,,,,,,,,,,
20240113,05:29:26,,,,,,,,,,,,
20240113,05:29:26,,,,,,,,,,,,
20240113,05:29:26,,,,,,,,,,,,
20240113,05:29:26,,,,,,,,,,,,
20240113,05:29:27,,,,,,,,,,,,
20240113,05:29:27,,,,,,,,,,,,
20240113,05:29:27,,,,,,,,,,,,
20240113,05:29:27,,,,,,,,,,,,
20240113,05:29:27,,,,,,,,,,,,
20240113,05:31:05,,,,,,,,,,,,
20240113,05:31:05,,,,,,,,,,,,
20240113,05:31:05,,,,,,,,,,,,
20240113,05:31:05,,,,,,,,,,,,
20240113,05:31:05,,,,,,,,,,,,
20240113,05:31:05,,,,,,,,,,,,
20240113,05:31:05,,,,,,,,,,,,
20240113,05:31:05,,,,,,,,,,,,
20240113,05:31:05,,,,,,,,,,,,
20240113,05:31:05,,,,,,,,,,,,
20240113,05:31:05,,,,,,,,,,,,
20240113,05:31:06,,,,,,,,,,,,
20240113,05:33:05,,,,,,,,,,,,
20240113,05:33:05,,,,,,,,,,,,
20240113,05:33:05,,,,,,,,,,,,
20240113,05:33:05,,,,,,,,,,,,
20240113,05:33:05,,,,,,,,,,,,
20240113,05:33:05,,,,,,,,,,,,
20240113,05:33:05,,,,,,,,,,,,
20240113,05:33:06,,,,,,,,,,,,
20240113,05:33:10,,,,,,,,,,,,
20240113,05:33:10,,,,,,,,,,,,
20240113,05:33:10,,,,,,,,,,,,
20240113,05:33:10,,,,,,,,,,,,
20240113,05:33:10,,,,,,,,,,,,
20240113,05:33:10,,,,,,,,,,,,
20240113,05:33:10,,,,,,,,,,,,
20240113,05:33:10,,,,,,,,,,,,
20240113,05:33:11,,,,,,,,,,,,
20240113,05:33:11,,,,,,,,,,,,
20240113,05:33:18,,,,,,,,,,,,
20240113,05:33:18,,,,,,,,,,,,
20240113,05:33:18,,,,,,,,,,,,
20240113,05:33:18,,,,,,,,,,,,
20240113,05:33:18,,,,,,,,,,,,
20240113,05:33:18,,,,,,,,,,,,
20240113,05:33:18,,,,,,,,,,,,
20240113,05:33:18,,,,,,,,,,,,
20240113,05:33:19,,,,,,,,,,,,
20240113,05:33:19,,,,,,,,,,,,
20240113,05:33:21,,,,,,,,,,,,
20240113,05:33:21,,,,,,,,,,,,
20240113,05:33:22,,,,,,,,,,,,
20240113,05:33:22,,,,,,,,,,,,
20240113,05:33:22,,,,,,,,,,,,
20240113,05:33:22,,,,,,,,,,,,
20240113,05:33:24,,,,,,,,,,,,
20240113,05:33:24,,,,,,,,,,,,
20240113,05:33:24,,,,,,,,,,,,
20240113,05:33:24,,,,,,,,,,,,
20240113,05:33:35,,,,,,,,,,,,
20240113,05:33:35,,,,,,,,,,,,
20240113,05:33:35,,,,,,,,,,,,
20240113,05:33:36,,,,,,,,,,,,
20240113,05:33:36,,,,,,,,,,,,
20240113,05:33:36,,,,,,,,,,,,
20240113,05:33:36,,,,,,,,,,,,
20240113,05:33:36,,,,,,,,,,,,
20240113,05:33:36,,,,,,,,,,,,
20240113,05:33:36,,,,,,,,,,,,
20240113,05:33:36,,,,,,,,,,,,
20240113,05:33:36,,,,,,,,,,,,
20240113,05:33:39,,,,,,,,,,,,
20240113,05:33:39,,,,,,,,,,,,
20240113,05:33:39,,,,,,,,,,,,
20240113,05:33:39,,,,,,,,,,,,
20240113,05:33:40,,,,,,,,,,,,
20240113,05:33:41,,,,,,,,,,,,
20240113,05:33:41,,,,,,,,,,,,
20240113,05:33:41,,,,,,,,,,,,
20240113,05:33:42,,,,,,,,,,,,
20240113,05:33:42,,,,,,,,,,,,
20240113,05:33:42,,,,,,,,,,,,
20240113,05:33:42,,,,,,,,,,,,
20240113,05:33:42,,,,,,,,,,,,
20240113,05:33:42,,,,,,,,,,,,
20240113,05:33:42,,,,,,,,,,,,
20240113,05:33:42,,,,,,,,,,,,
20240113,05:33:45,,,,,,,,,,,,
20240113,05:33:45,,,,,,,,,,,,
20240113,05:33:45,,,,,,,,,,,,
20240113,05:33:45,,,,,,,,,,,,
20240113,05:33:45,,,,,,,,,,,,
20240113,05:33:46,,,,,,,,,,,,
20240113,05:34:04,,,,,,,,,,,,
20240113,05:34:04,,,,,,,,,,,,
20240113,05:34:04,,,,,,,,,,,,
20240113,05:34:04,,,,,,,,,,,,
20240113,05:34:04,,,,,,,,,,,,
20240113,05:34:04,,,,,,,,,,,,
20240113,05:34:04,,,,,,,,,,,,
20240113,05:34:04,,,,,,,,,,,,
20240113,05:34:04,,,,,,,,,,,,
20240113,05:34:05,,,,,,,,,,,,
20240113,05:34:07,,,,,,,,,,,,
20240113,05:34:08,,,,,,,,,,,,
20240113,05:34:08,,,,,,,,,,,,
20240113,05:34:08,,,,,,,,,,,,
20240113,05:34:08,,,,,,,,,,,,
20240113,05:34:09,,,,,,,,,,,,
20240113,05:36:10,,,,,,,,,,,,
20240113,05:36:10,,,,,,,,,,,,
20240113,05:36:10,,,,,,,,,,,,
20240113,05:36:10,,,,,,,,,,,,
20240113,05:36:10,,,,,,,,,,,,
20240113,05:36:10,,,,,,,,,,,,
20240113,05:36:10,,,,,,,,,,,,
20240113,05:36:10,,,,,,,,,,,,
20240113,05:36:10,,,,,,,,,,,,
20240113,05:36:11,,,,,,,,,,,,
20240113,05:39:05,,,,,,,,,,,,
20240113,05:39:05,,,,,,,,,,,,
20240113,05:39:06,,,,,,,,,,,,
20240113,05:39:06,,,,,,,,,,,,
20240113,05:39:06,,,,,,,,,,,,
20240113,05:39:06,,,,,,,,,,,,
20240113,05:39:06,,,,,,,,,,,,
20240113,05:39:06,,,,,,,,,,,,
20240113,05:39:06,,,,,,,,,,,,
20240113,05:39:06,,,,,,,,,,,,
20240113,05:41:41,,,,,,,,,,,,
20240113,05:41:41,,,,,,,,,,,,
20240113,05:41:42,,,,,,,,,,,,
20240113,05:41:42,,,,,,,,,,,,
20240113,05:41:42,,,,,,,,,,,,
20240113,05:41:42,,,,,,,,,,,,
20240113,05:41:42,,,,,,,,,,,,
20240113,05:41:42,,,,,,,,,,,,
20240113,05:41:42,,,,,,,,,,,,
20240113,05:41:43,,,,,,,,,,,,
20240113,05:41:45,,,,,,,,,,,,
20240113,05:41:45,,,,,,,,,,,,
20240113,05:41:45,,,,,,,,,,,,
20240113,05:41:45,,,,,,,,,,,,
20240113,05:51:31,,,,,,,,,,,,
20240113,05:51:31,,,,,,,,,,,,
20240113,05:51:31,,,,,,,,,,,,
20240113,05:52:01,,,,,,,,,,,,
